decile,avg,pop,share
1.0,1.573033,808243650.0,0.8236886
2.0,2.91927,809517500.0,1.5310291
3.0,4.08159,808815000.0,2.1387572
4.0,5.3889728,810448800.0,2.8295312
5.0,7.144909,809315200.0,3.7462547
6.0,9.634023,809681300.0,5.0536447
7.0,13.415128,809710600.0,7.037324
8.0,20.083702,809546940.0,10.533403
9.0,35.213104,810259840.0,18.484665
10.0,91.13858,809915800.0,47.821705
