,country,year,thr_p90_dhi_eq,median_dhi_eq,thr_p10_dhi_eq,p90_p10_ratio_dhi_eq
0,South Africa,2017,2488.8757,465.69418,111.33417,22.355005
1,Brazil,2022,1671.7032,607.37836,198.22249,8.433469
2,China,2018,1948.1859,787.41583,248.38582,7.8433857
3,Serbia,2022,1485.945,759.94415,332.9283,4.463258
4,Uruguay,2022,2248.06,905.455,402.92166,5.579397
5,Poland,2020,2768.741,1541.9791,756.3492,3.6606648
6,United Kingdom,2021,4455.514,2311.9993,1166.135,3.8207533
7,United States,2022,7438.15,3254.5144,1242.5233,5.9863257
8,Norway,2021,5492.0806,3265.835,1756.225,3.127208
